Workbook

Sheet Model & Analysis
B3: Desired MLR: | C3: 0.82
A5: Portfolio Financial Metric | B5: Reported (With Leakage) | C5: Audit Adjustment | D5: Adjusted (True Clean)
A6: Earned Premium | B6: =LeakedInsuranceTypes[[#Totals],[total_paid]]/C3 -> 244821.95 | C6: 0 | D6: =Analysis[[#This Row],[Reported (With Leakage)]] -> 244821.95
A7: Incurred Losses | B7: =LeakedInsuranceTypes[[#Totals],[total_paid]] -> 200754 | C7: =-B8 -> -22547 | D7: =B7+C7 -> 178207
A8: Erroneous Payment Leakage | B8: =LeakedInsuranceTypes[[#Totals],[leaked_dollars]] -> 22547 | C8: =C7 -> -22547 | D8: =B8+C8 -> 0
A9: Medical Loss Ratio | B9: =B7/B6 -> 0.82 | C9: =-(B9-D9) -> -0.0920955 | D9: =D7/D6 -> 0.7279045
A13: Insurance Type | B13: Reported Losses ($) | C13: Leaked Amount ($) | D13: Adjusted Losses ($) | E13: Allocated Premium ($) | F13: Reported MLR (%) | G13: Adjusted MLR (%) | H13: Variance (bps)
A14: =Data_Summary!A2 -> Commercial | B14: =Data_Summary!D2 -> 53165 | C14: =Data_Summary!F2 -> 6335 | D14: =Data_Summary!G2 -> 46830 | E14: =Table1[[#This Row],[Reported Losses ($)]]/$C$3 -> 64835.366 | F14: =Table1[[#This Row],[Reported Losses ($)]]/Table1[[#This Row],[Allocated Premium ($)]] -> 0.82 | G14: =Table1[[#This Row],[Adjusted Losses ($)]]/Table1[[#This Row],[Allocated Premium ($)]] -> 0.72229098 | H14: =(Table1[[#This Row],[Adjusted MLR (%)]]-Table1[[#This Row],[Reported MLR (%)]])*10000 -> -977.09019
A15: =Data_Summary!A3 -> Self-Pay | B15: =Data_Summary!D3 -> 50256 | C15: =Data_Summary!F3 -> 5819 | D15: =Data_Summary!G3 -> 44437 | E15: =Table1[[#This Row],[Reported Losses ($)]]/$C$3 -> 61287.805 | F15: =Table1[[#This Row],[Reported Losses ($)]]/Table1[[#This Row],[Allocated Premium ($)]] -> 0.82 | G15: =Table1[[#This Row],[Adjusted Losses ($)]]/Table1[[#This Row],[Allocated Premium ($)]] -> 0.72505452 | H15: =(Table1[[#This Row],[Adjusted MLR (%)]]-Table1[[#This Row],[Reported MLR (%)]])*10000 -> -949.45479
A16: =Data_Summary!A4 -> Medicaid | B16: =Data_Summary!D4 -> 53177 | C16: =Data_Summary!F4 -> 5507 | D16: =Data_Summary!G4 -> 47670 | E16: =Table1[[#This Row],[Reported Losses ($)]]/$C$3 -> 64850 | F16: =Table1[[#This Row],[Reported Losses ($)]]/Table1[[#This Row],[Allocated Premium ($)]] -> 0.82 | G16: =Table1[[#This Row],[Adjusted Losses ($)]]/Table1[[#This Row],[Allocated Premium ($)]] -> 0.73508096 | H16: =(Table1[[#This Row],[Adjusted MLR (%)]]-Table1[[#This Row],[Reported MLR (%)]])*10000 -> -849.19044
A17: =Data_Summary!A5 -> Medicare | B17: =Data_Summary!D5 -> 44156 | C17: =Data_Summary!F5 -> 4886 | D17: =Data_Summary!G5 -> 39270 | E17: =Table1[[#This Row],[Reported Losses ($)]]/$C$3 -> 53848.78 | F17: =Table1[[#This Row],[Reported Losses ($)]]/Table1[[#This Row],[Allocated Premium ($)]] -> 0.82 | G17: =Table1[[#This Row],[Adjusted Losses ($)]]/Table1[[#This Row],[Allocated Premium ($)]] -> 0.72926443 | H17: =(Table1[[#This Row],[Adjusted MLR (%)]]-Table1[[#This Row],[Reported MLR (%)]])*10000 -> -907.35574
A18: Total | B18: =SUBTOTAL(109,Table1[Reported Losses ($)]) -> 200754 | C18: =SUBTOTAL(109,Table1[Leaked Amount ($)]) -> 22547 | D18: =SUBTOTAL(109,Table1[Adjusted Losses ($)]) -> 178207 | E18: =SUBTOTAL(109,Table1[Allocated Premium ($)]) -> 244821.95 | F18: =SUBTOTAL(101,Table1[Reported MLR (%)]) -> 0.82 | G18: =SUBTOTAL(101,Table1[Adjusted MLR (%)]) -> 0.72792272 | H18: =SUBTOTAL(101,Table1[Variance (bps)]) -> -920.77279
A21: Scenarios | B21: Flagged Recovery Rate | C21: Unflagged Recovery Rate | D21: Gross Dollars Recovered | E21: Audit & Collection Contingency Fee (20%) | F21: Net Cash Recovered | G21: Net MLR Impact (bps)
A22: Conservative | B22: 0.5 | C22: 0.25 | D22: =(SensitivityModel[[#This Row],[Flagged Recovery Rate]])*ReasonCodeLeaks[[#Totals],[flagged_dollars]]+(SensitivityModel[[#This Row],[Unflagged Recovery Rate]])*ReasonCodeLeaks[[#Totals],[unflagged_dollars]] -> 8501.25 | E22: =(0.2)*SensitivityModel[[#This Row],[Gross Dollars Recovered]] -> 1700.25 | F22: =SensitivityModel[[#This Row],[Gross Dollars Recovered]]-SensitivityModel[[#This Row],[Audit & Collection Contingency Fee (20%)]] -> 6801 | G22: =-(0.82-(Table1[[#Totals],[Reported Losses ($)]]-SensitivityModel[[#This Row],[Net Cash Recovered]])/Table1[[#Totals],[Allocated Premium ($)]])*10000 -> -277.79372
A23: Base | B23: 0.75 | C23: 0.5 | D23: =(SensitivityModel[[#This Row],[Flagged Recovery Rate]])*ReasonCodeLeaks[[#Totals],[flagged_dollars]]+(SensitivityModel[[#This Row],[Unflagged Recovery Rate]])*ReasonCodeLeaks[[#Totals],[unflagged_dollars]] -> 14138 | E23: =(0.2)*SensitivityModel[[#This Row],[Gross Dollars Recovered]] -> 2827.6 | F23: =SensitivityModel[[#This Row],[Gross Dollars Recovered]]-SensitivityModel[[#This Row],[Audit & Collection Contingency Fee (20%)]] -> 11310.4 | G23: =-(0.82-(Table1[[#Totals],[Reported Losses ($)]]-SensitivityModel[[#This Row],[Net Cash Recovered]])/Table1[[#Totals],[Allocated Premium ($)]])*10000 -> -461.98472
A24: Aggressive | B24: 0.9 | C24: 0.75 | D24: =(SensitivityModel[[#This Row],[Flagged Recovery Rate]])*ReasonCodeLeaks[[#Totals],[flagged_dollars]]+(SensitivityModel[[#This Row],[Unflagged Recovery Rate]])*ReasonCodeLeaks[[#Totals],[unflagged_dollars]] -> 18628.95 | E24: =(0.2)*SensitivityModel[[#This Row],[Gross Dollars Recovered]] -> 3725.79 | F24: =SensitivityModel[[#This Row],[Gross Dollars Recovered]]-SensitivityModel[[#This Row],[Audit & Collection Contingency Fee (20%)]] -> 14903.16 | G24: =-(0.82-(Table1[[#Totals],[Reported Losses ($)]]-SensitivityModel[[#This Row],[Net Cash Recovered]])/Table1[[#Totals],[Allocated Premium ($)]])*10000 -> -608.73463

Sheet Data_Summary
A1: Insurance Type | B1: total_claims | C1: total_billed | D1: total_paid | E1: leaked_claims_count | F1: leaked_dollars | G1: adjusted_clean_paid
A2: Commercial | B2: 259 | C2: 78520 | D2: 53165 | E2: 30 | F2: 6335 | G2: 46830
A3: Self-Pay | B3: 249 | C3: 74525 | D3: 50256 | E3: 29 | F3: 5819 | G3: 44437
A4: Medicaid | B4: 259 | C4: 78094 | D4: 53177 | E4: 26 | F4: 5507 | G4: 47670
A5: Medicare | B5: 233 | C5: 66052 | D5: 44156 | E5: 27 | F5: 4886 | G5: 39270
A6: Total | B6: =SUBTOTAL(109,LeakedInsuranceTypes[total_claims]) -> 1000 | C6: =SUBTOTAL(109,LeakedInsuranceTypes[total_billed]) -> 297191 | D6: =SUBTOTAL(109,LeakedInsuranceTypes[total_paid]) -> 200754 | E6: =SUBTOTAL(109,LeakedInsuranceTypes[leaked_claims_count]) -> 112 | F6: =SUBTOTAL(109,LeakedInsuranceTypes[leaked_dollars]) -> 22547 | G6: =SUBTOTAL(109,LeakedInsuranceTypes[adjusted_clean_paid]) -> 178207
A10: Reason Code | B10: total_leaked_claims | C10: total_leaked_dollars | D10: flagged_claims | E10: flagged_dollars | F10: unflagged_claims | G10: unflagged_dollars
A11: Incorrect billing information | B11: 17 | C11: 3777 | D11: 10 | E11: 2310 | F11: 7 | G11: 1467
A12: Patient eligibility issues | B12: 17 | C12: 3411 | D12: 14 | E12: 2768 | F12: 3 | G12: 643
A13: Lack of medical necessity | B13: 14 | C13: 3287 | D13: 9 | E13: 2312 | F13: 5 | G13: 975
A14: Missing documentation | B14: 15 | C14: 3144 | D14: 4 | E14: 681 | F14: 11 | G14: 2463
A15: Authorization not obtained | B15: 16 | C15: 2947 | D15: 6 | E15: 1181 | F15: 10 | G15: 1766
A16: Duplicate claim | B16: 13 | C16: 2590 | D16: 3 | E16: 473 | F16: 10 | G16: 2117
A17: Pre-existing condition | B17: 13 | C17: 2223 | D17: 6 | E17: 1060 | F17: 7 | G17: 1163
A18: Service not covered | B18: 7 | C18: 1168 | D18: 4 | E18: 673 | F18: 3 | G18: 495
A19: Total | C19: =SUBTOTAL(109,ReasonCodeLeaks[total_leaked_dollars]) -> 22547 | E19: =SUBTOTAL(109,ReasonCodeLeaks[flagged_dollars]) -> 11458 | G19: =SUBTOTAL(109,ReasonCodeLeaks[unflagged_dollars]) -> 11089
